{"cameraMode":{"drawMode":0,"name":"Shaded","section":"Shading Mode"},"sceneLighting":false,"audioPlay":false,"sceneViewState":{"m_AlwaysRefresh":false,"showFog":true,"showSkybox":false,"showFlares":true,"showImageEffects":true,"showParticleSystems":true,"showVisualEffectGraphs":true,"m_FxEnabled":true},"in2DMode":false,"pivot":{"x":37.75640106201172,"y":1.0803146362304688,"z":-34.726078033447269},"rotation":{"x":0.33916908502578738,"y":-0.08198525756597519,"z":0.029688771814107896,"w":0.9366843700408936},"size":1.3449110984802247,"orthographic":false}