{"cameraMode":{"drawMode":0,"name":"Shaded","section":"Shading Mode"},"sceneLighting":false,"audioPlay":false,"sceneViewState":{"m_AlwaysRefresh":false,"showFog":true,"showSkybox":false,"showFlares":true,"showImageEffects":true,"showParticleSystems":true,"showVisualEffectGraphs":true,"m_FxEnabled":true},"in2DMode":false,"pivot":{"x":-1.3763450384140015,"y":1.690000057220459,"z":7.369999885559082},"rotation":{"x":0.14658412337303163,"y":-0.17207761108875276,"z":0.025903847068548204,"w":0.9737797379493713},"size":2.3722312450408937,"orthographic":false}